table,table_description,column,dtype,non_null,example_values
area_features,Kaikki yhdistetyt aluekohtaiset muuttujat.,area_id,string,3018,"[""00100"", ""00120"", ""00130""]"
area_features,Kaikki yhdistetyt aluekohtaiset muuttujat.,postal_code,string,3018,"[""00100"", ""00120"", ""00130""]"
area_features,Kaikki yhdistetyt aluekohtaiset muuttujat.,area_name,string,3018,"[""Helsinki keskusta - Etu-Töölö"", ""Punavuori - Bulevardi"", ""Kaartinkaupunki""]"
area_features,Kaikki yhdistetyt aluekohtaiset muuttujat.,area_name_sv,string,3018,"[""Helsingfors centrum - Främre Tölö"", ""Rödbergen - Bulevarden"", ""Gardesstaden""]"
area_features,Kaikki yhdistetyt aluekohtaiset muuttujat.,municipality_code,string,3018,"[""091"", ""091"", ""091""]"
area_features,Kaikki yhdistetyt aluekohtaiset muuttujat.,paavo_year_geometry,int64,3018,"[""2026"", ""2026"", ""2026""]"
area_features,Kaikki yhdistetyt aluekohtaiset muuttujat.,area_m2,int64,3018,"[""2353278"", ""414010"", ""428960""]"
area_features,Kaikki yhdistetyt aluekohtaiset muuttujat.,area_km2,float64,3018,"[""2.353278"", ""0.41401"", ""0.42896""]"
area_features,Kaikki yhdistetyt aluekohtaiset muuttujat.,lat,float64,3018,"[""60.1704070554749"", ""60.16372986316543"", ""60.16447470623334""]"
area_features,Kaikki yhdistetyt aluekohtaiset muuttujat.,lon,float64,3018,"[""24.923510858314422"", ""24.938584537844307"", ""24.950055578909822""]"
area_features,Kaikki yhdistetyt aluekohtaiset muuttujat.,centroid_method,string,3018,"[""epsg3067_xy"", ""epsg3067_xy"", ""epsg3067_xy""]"
area_features,Kaikki yhdistetyt aluekohtaiset muuttujat.,geometry_json,string,3018,"[""{\""type\"": \""Polygon\"", \""coordinates\"": [[[385653.8928, 6671591.0475], [385573.6195, 6671699.8005], [385612.6593, 6671729.657"", ""{\""type\"": \""Polygon\"", \""coordinates\"": [[[385316.092, 6671076.9841], [385279.6115, 6671123.567], [385255.4782, 6671158.3638]"", ""{\""type\"": \""Polygon\"", \""coordinates\"": [[[386212.1112, 6671061.2623], [386176.8264, 6671111.8884], [386039.1539, 6671107.178""]"
area_features,Kaikki yhdistetyt aluekohtaiset muuttujat.,population,Float64,3018,"[""18492.0"", ""7297.0"", ""1731.0""]"
area_features,Kaikki yhdistetyt aluekohtaiset muuttujat.,population_source_metric,string,3018,"[""asukkaat_yhteensa_he"", ""asukkaat_yhteensa_he"", ""asukkaat_yhteensa_he""]"
area_features,Kaikki yhdistetyt aluekohtaiset muuttujat.,men,Float64,2954,"[""8758.0"", ""3396.0"", ""837.0""]"
area_features,Kaikki yhdistetyt aluekohtaiset muuttujat.,men_source_metric,string,3018,"[""miehet_he"", ""miehet_he"", ""miehet_he""]"
area_features,Kaikki yhdistetyt aluekohtaiset muuttujat.,women,Float64,2954,"[""9734.0"", ""3901.0"", ""894.0""]"
area_features,Kaikki yhdistetyt aluekohtaiset muuttujat.,women_source_metric,string,3018,"[""naiset_he"", ""naiset_he"", ""naiset_he""]"
area_features,Kaikki yhdistetyt aluekohtaiset muuttujat.,employed_residents_paavo,Float64,2954,"[""10107.0"", ""3979.0"", ""952.0""]"
area_features,Kaikki yhdistetyt aluekohtaiset muuttujat.,employed_residents_paavo_source_metric,string,3018,"[""tyolliset_pt"", ""tyolliset_pt"", ""tyolliset_pt""]"
area_features,Kaikki yhdistetyt aluekohtaiset muuttujat.,unemployed_paavo,Float64,2954,"[""834.0"", ""332.0"", ""76.0""]"
area_features,Kaikki yhdistetyt aluekohtaiset muuttujat.,unemployed_paavo_source_metric,string,3018,"[""tyottomat_pt"", ""tyottomat_pt"", ""tyottomat_pt""]"
area_features,Kaikki yhdistetyt aluekohtaiset muuttujat.,jobs_paavo,Float64,3018,"[""0.0"", ""0.0"", ""0.0""]"
area_features,Kaikki yhdistetyt aluekohtaiset muuttujat.,jobs_paavo_source_metric,string,3018,"[""tyopaikat_yhteensa_tp"", ""tyopaikat_yhteensa_tp"", ""tyopaikat_yhteensa_tp""]"
area_features,Kaikki yhdistetyt aluekohtaiset muuttujat.,households,Float64,3018,"[""10544.0"", ""4086.0"", ""942.0""]"
area_features,Kaikki yhdistetyt aluekohtaiset muuttujat.,households_source_metric,string,3018,"[""taloudet_yhteensa_te"", ""taloudet_yhteensa_te"", ""taloudet_yhteensa_te""]"
area_features,Kaikki yhdistetyt aluekohtaiset muuttujat.,median_income,Float64,2944,"[""34408.0"", ""35106.0"", ""38690.0""]"
area_features,Kaikki yhdistetyt aluekohtaiset muuttujat.,median_income_source_metric,string,3018,"[""asukkaiden_mediaanitulot_hr"", ""asukkaiden_mediaanitulot_hr"", ""asukkaiden_mediaanitulot_hr""]"
area_features,Kaikki yhdistetyt aluekohtaiset muuttujat.,higher_education,Float64,2944,"[""3987.0"", ""1490.0"", ""317.0""]"
area_features,Kaikki yhdistetyt aluekohtaiset muuttujat.,higher_education_source_metric,string,3018,"[""alimman_korkea_asteen_tai_alemman_korkeakoulututkinnon_suorittaneet_ko"", ""alimman_korkea_asteen_tai_alemman_korkeakoulututkinnon_suorittaneet_ko"", ""alimman_korkea_asteen_tai_alemman_korkeakoulututkinnon_suorittaneet_ko""]"
area_features,Kaikki yhdistetyt aluekohtaiset muuttujat.,population_density_km2,Float64,3018,"[""7857.975130860017"", ""17625.178135793823"", ""4035.3412905632226""]"
area_features,Kaikki yhdistetyt aluekohtaiset muuttujat.,municipality_name_indicator,string,155,"[""HVA91 Ahvenanmaa"", ""HVA91 Ahvenanmaa"", ""HVA91 Ahvenanmaa""]"
area_features,Kaikki yhdistetyt aluekohtaiset muuttujat.,"Työllisyysaste, 18-64-vuotiaat, %",float64,155,"[""81.4"", ""81.4"", ""81.4""]"
area_features,Kaikki yhdistetyt aluekohtaiset muuttujat.,"Työttömyysaste, 18-64-vuotiaat, %",float64,155,"[""5.2"", ""5.2"", ""5.2""]"
area_features,Kaikki yhdistetyt aluekohtaiset muuttujat.,Taloudellinen huoltosuhde,float64,155,"[""110.0"", ""110.0"", ""110.0""]"
area_features,Kaikki yhdistetyt aluekohtaiset muuttujat.,bus,Int64,3018,"[""1363"", ""1363"", ""1363""]"
area_features,Kaikki yhdistetyt aluekohtaiset muuttujat.,motorcycle_moped,Int64,3018,"[""12489"", ""12489"", ""12489""]"
area_features,Kaikki yhdistetyt aluekohtaiset muuttujat.,other,Int64,3018,"[""15906"", ""15906"", ""15906""]"
area_features,Kaikki yhdistetyt aluekohtaiset muuttujat.,passenger_car,Int64,3018,"[""213956"", ""213956"", ""213956""]"
area_features,Kaikki yhdistetyt aluekohtaiset muuttujat.,trailer,Int64,3018,"[""41204"", ""41204"", ""41204""]"
area_features,Kaikki yhdistetyt aluekohtaiset muuttujat.,truck,Int64,3018,"[""5462"", ""5462"", ""5462""]"
area_features,Kaikki yhdistetyt aluekohtaiset muuttujat.,van,Int64,3018,"[""23122"", ""23122"", ""23122""]"
area_features,Kaikki yhdistetyt aluekohtaiset muuttujat.,vehicles_total,Int64,3018,"[""313502"", ""313502"", ""313502""]"
area_features,Kaikki yhdistetyt aluekohtaiset muuttujat.,digiroad_traffic_mean,Float64,2986,"[""29376.846859562454"", ""29376.846859562454"", ""29376.846859562454""]"
area_features,Kaikki yhdistetyt aluekohtaiset muuttujat.,digiroad_traffic_p90,float64,2986,"[""72847.0"", ""72847.0"", ""72847.0""]"
area_features,Kaikki yhdistetyt aluekohtaiset muuttujat.,digiroad_traffic_sum,Int64,2986,"[""41626992"", ""41626992"", ""41626992""]"
area_features,Kaikki yhdistetyt aluekohtaiset muuttujat.,digiroad_traffic_count,Int64,2986,"[""1417"", ""1417"", ""1417""]"
area_features,Kaikki yhdistetyt aluekohtaiset muuttujat.,road_kvl_nearest_distance_m,float64,3018,"[""930.5938196845407"", ""1650.9168862033719"", ""2232.4425069018807""]"
area_features,Kaikki yhdistetyt aluekohtaiset muuttujat.,road_kvl_nearest_id,string,3018,"[""liikennemaarat.2922"", ""liikennemaarat.2922"", ""liikennemaarat.2922""]"
area_features,Kaikki yhdistetyt aluekohtaiset muuttujat.,road_kvl_nearest_name,string,0,[]
area_features,Kaikki yhdistetyt aluekohtaiset muuttujat.,road_kvl_count_3000m,int64,3018,"[""8"", ""3"", ""3""]"
area_features,Kaikki yhdistetyt aluekohtaiset muuttujat.,road_kvl_kvl_sum_3000m,float64,3018,"[""76369.0"", ""56340.0"", ""56340.0""]"
area_features,Kaikki yhdistetyt aluekohtaiset muuttujat.,road_kvl_count_10000m,int64,3018,"[""328"", ""295"", ""274""]"
area_features,Kaikki yhdistetyt aluekohtaiset muuttujat.,road_kvl_kvl_sum_10000m,float64,3018,"[""3751698.0"", ""3461027.0"", ""3243358.0""]"
area_features,Kaikki yhdistetyt aluekohtaiset muuttujat.,passenger_cars_per_employed,Float64,0,[]
area_features,Kaikki yhdistetyt aluekohtaiset muuttujat.,vehicle_pressure_score,float64,3018,"[""1.0"", ""1.0"", ""1.0""]"
area_features,Kaikki yhdistetyt aluekohtaiset muuttujat.,road_traffic_score,Float64,3018,"[""0.8508593826654657"", ""0.8748559763038907"", ""0.8895442426943319""]"
area_features,Kaikki yhdistetyt aluekohtaiset muuttujat.,car_pressure_score,float64,3018,"[""0.9328867221994596"", ""0.9436851893367508"", ""0.9502949092124494""]"
area_features,Kaikki yhdistetyt aluekohtaiset muuttujat.,gtfs_nearest_distance_m,float64,3018,"[""130.6948475785894"", ""107.63986237482459"", ""152.70533203271376""]"
area_features,Kaikki yhdistetyt aluekohtaiset muuttujat.,gtfs_nearest_id,string,3018,"[""gtfs_001359"", ""gtfs_000982"", ""gtfs_001071""]"
area_features,Kaikki yhdistetyt aluekohtaiset muuttujat.,gtfs_nearest_name,string,3018,"[""Hanken"", ""Iso Roobertinkatu"", ""Eteläranta""]"
area_features,Kaikki yhdistetyt aluekohtaiset muuttujat.,gtfs_count_800m,int64,3018,"[""67"", ""83"", ""50""]"
area_features,Kaikki yhdistetyt aluekohtaiset muuttujat.,gtfs_stop_time_rows_sum_800m,float64,3018,"[""301797.0"", ""398707.0"", ""249617.0""]"
area_features,Kaikki yhdistetyt aluekohtaiset muuttujat.,gtfs_count_1500m,int64,3018,"[""202"", ""193"", ""168""]"
area_features,Kaikki yhdistetyt aluekohtaiset muuttujat.,gtfs_stop_time_rows_sum_1500m,float64,3018,"[""960459.0"", ""878044.0"", ""746043.0""]"
area_features,Kaikki yhdistetyt aluekohtaiset muuttujat.,gtfs_count_3000m,int64,3018,"[""456"", ""363"", ""386""]"
area_features,Kaikki yhdistetyt aluekohtaiset muuttujat.,gtfs_stop_time_rows_sum_3000m,float64,3018,"[""2146399.0"", ""1695533.0"", ""1787131.0""]"
area_features,Kaikki yhdistetyt aluekohtaiset muuttujat.,digiroad_stop_nearest_distance_m,float64,3018,"[""101.64892417735614"", ""97.94176472149975"", ""129.79568363116186""]"
area_features,Kaikki yhdistetyt aluekohtaiset muuttujat.,digiroad_stop_nearest_id,string,3018,"[""164708"", ""166008"", ""303348""]"
area_features,Kaikki yhdistetyt aluekohtaiset muuttujat.,digiroad_stop_nearest_name,string,3018,"[""Hanken"", ""Iso Roobertinkatu"", ""Pohj. Makasiinikatu""]"
area_features,Kaikki yhdistetyt aluekohtaiset muuttujat.,digiroad_stop_count_800m,int64,3018,"[""131"", ""166"", ""114""]"
area_features,Kaikki yhdistetyt aluekohtaiset muuttujat.,digiroad_stop_count_1500m,int64,3018,"[""343"", ""370"", ""337""]"
area_features,Kaikki yhdistetyt aluekohtaiset muuttujat.,digiroad_stop_count_3000m,int64,3018,"[""830"", ""694"", ""732""]"
area_features,Kaikki yhdistetyt aluekohtaiset muuttujat.,nearest_transit_stop_distance_m,float64,3018,"[""101.64892417735614"", ""97.94176472149975"", ""129.79568363116186""]"
area_features,Kaikki yhdistetyt aluekohtaiset muuttujat.,stop_access_score,float64,3018,"[""1.0"", ""1.0"", ""1.0""]"
area_features,Kaikki yhdistetyt aluekohtaiset muuttujat.,transit_service_score,Float64,3018,"[""1.0"", ""1.0"", ""1.0""]"
area_features,Kaikki yhdistetyt aluekohtaiset muuttujat.,transit_access_service_score,Float64,3018,"[""1.0"", ""1.0"", ""1.0""]"
area_features,Kaikki yhdistetyt aluekohtaiset muuttujat.,rail_nearest_distance_m,float64,3018,"[""943.0494026657238"", ""856.3912886239548"", ""884.0233453317363""]"
area_features,Kaikki yhdistetyt aluekohtaiset muuttujat.,rail_nearest_id,string,3018,"[""HKI"", ""HKI"", ""HKI""]"
area_features,Kaikki yhdistetyt aluekohtaiset muuttujat.,rail_nearest_name,string,3018,"[""Helsinki asema"", ""Helsinki asema"", ""Helsinki asema""]"
area_features,Kaikki yhdistetyt aluekohtaiset muuttujat.,rail_count_2000m,int64,3018,"[""1"", ""1"", ""1""]"
area_features,Kaikki yhdistetyt aluekohtaiset muuttujat.,rail_rail_total_services_2025_sum_2000m,float64,3018,"[""148615.0"", ""148615.0"", ""148615.0""]"
area_features,Kaikki yhdistetyt aluekohtaiset muuttujat.,rail_count_5000m,int64,3018,"[""8"", ""5"", ""4""]"
area_features,Kaikki yhdistetyt aluekohtaiset muuttujat.,rail_rail_total_services_2025_sum_5000m,float64,3018,"[""517837.0"", ""504864.0"", ""413906.0""]"
area_features,Kaikki yhdistetyt aluekohtaiset muuttujat.,rail_count_10000m,int64,3018,"[""21"", ""19"", ""19""]"
area_features,Kaikki yhdistetyt aluekohtaiset muuttujat.,rail_rail_total_services_2025_sum_10000m,float64,3018,"[""1272085.0"", ""1196413.0"", ""1196413.0""]"
area_features,Kaikki yhdistetyt aluekohtaiset muuttujat.,rail_service_score,Float64,3018,"[""0.9963541094351133"", ""0.994423950618435"", ""0.9893890222041422""]"
area_features,Kaikki yhdistetyt aluekohtaiset muuttujat.,rail_access_score,float64,3018,"[""0.9844511518841604"", ""0.9938705121060919"", ""0.9908670276813331""]"
area_features,Kaikki yhdistetyt aluekohtaiset muuttujat.,rail_combined_score,Float64,3018,"[""0.9909977785371846"", ""0.9941749032878806"", ""0.9900541246688781""]"
area_features,Kaikki yhdistetyt aluekohtaiset muuttujat.,liipi_nearest_distance_m,float64,3018,"[""420.8030132350022"", ""667.8737509606293"", ""756.6024464062119""]"
area_features,Kaikki yhdistetyt aluekohtaiset muuttujat.,liipi_nearest_id,string,3018,"[""930"", ""1265"", ""1249""]"
area_features,Kaikki yhdistetyt aluekohtaiset muuttujat.,liipi_nearest_name,string,3018,"[""Kampinkuja"", ""Simonkatu"", ""Helsingin yliopisto""]"
area_features,Kaikki yhdistetyt aluekohtaiset muuttujat.,liipi_count_2000m,int64,3018,"[""18"", ""18"", ""17""]"
area_features,Kaikki yhdistetyt aluekohtaiset muuttujat.,liipi_capacity_total_sum_2000m,float64,3018,"[""1731.0"", ""1731.0"", ""1590.0""]"
area_features,Kaikki yhdistetyt aluekohtaiset muuttujat.,liipi_count_5000m,int64,3018,"[""45"", ""41"", ""39""]"
area_features,Kaikki yhdistetyt aluekohtaiset muuttujat.,liipi_capacity_total_sum_5000m,float64,3018,"[""4265.0"", ""4095.0"", ""3999.0""]"
area_features,Kaikki yhdistetyt aluekohtaiset muuttujat.,liipi_count_10000m,int64,3018,"[""194"", ""181"", ""182""]"
area_features,Kaikki yhdistetyt aluekohtaiset muuttujat.,liipi_capacity_total_sum_10000m,float64,3018,"[""16272.0"", ""15257.0"", ""15261.0""]"
area_features,Kaikki yhdistetyt aluekohtaiset muuttujat.,liipi_score,Float64,3018,"[""0.9989473021771212"", ""0.9872896518726331"", ""0.9813140132367344""]"
area_features,Kaikki yhdistetyt aluekohtaiset muuttujat.,od_rows,float64,25,"[""18.0"", ""18.0"", ""18.0""]"
area_features,Kaikki yhdistetyt aluekohtaiset muuttujat.,od_success_rows,Float64,25,"[""12.0"", ""13.0"", ""12.0""]"
area_features,Kaikki yhdistetyt aluekohtaiset muuttujat.,transit_minutes_median,Float64,16,"[""211.0333333333333"", ""278.2"", ""190.05833333333334""]"
area_features,Kaikki yhdistetyt aluekohtaiset muuttujat.,estimated_car_minutes_median,Float64,25,"[""158.4086253710684"", ""173.02553205828778"", ""106.25154902454722""]"
area_features,Kaikki yhdistetyt aluekohtaiset muuttujat.,transit_to_car_ratio_median,Float64,16,"[""1.3967042422937799"", ""1.317283955959382"", ""1.6251997771773872""]"
area_features,Kaikki yhdistetyt aluekohtaiset muuttujat.,transit_competitive_share,float64,25,"[""0.3333333333333333"", ""0.5"", ""0.1111111111111111""]"
area_features,Kaikki yhdistetyt aluekohtaiset muuttujat.,avg_transfers,float64,16,"[""2.25"", ""2.3846153846153846"", ""2.0833333333333335""]"
area_features,Kaikki yhdistetyt aluekohtaiset muuttujat.,od_success_rate,Float64,25,"[""0.6666666666666666"", ""0.7222222222222222"", ""0.6666666666666666""]"
area_features,Kaikki yhdistetyt aluekohtaiset muuttujat.,travel_time_competitiveness_score,Float64,25,"[""0.614871353596236"", ""0.7019341538856216"", ""0.44157343731721926""]"
area_features,Kaikki yhdistetyt aluekohtaiset muuttujat.,od_sampled,bool,3018,"[""False"", ""False"", ""False""]"
area_features,Kaikki yhdistetyt aluekohtaiset muuttujat.,travel_time_competitiveness_score_filled,Float64,484,"[""0.614871353596236"", ""0.614871353596236"", ""0.614871353596236""]"
area_features,Kaikki yhdistetyt aluekohtaiset muuttujat.,population_final,float64,3018,"[""18492.0"", ""7297.0"", ""1731.0""]"
area_features,Kaikki yhdistetyt aluekohtaiset muuttujat.,employed_residents_final,Float64,3018,"[""10107.0"", ""3979.0"", ""952.0""]"
area_features,Kaikki yhdistetyt aluekohtaiset muuttujat.,outside_commuter_share_final,Float64,3018,"[""0.35"", ""0.35"", ""0.35""]"
area_features,Kaikki yhdistetyt aluekohtaiset muuttujat.,estimated_commuters_base,Float64,3018,"[""3537.45"", ""1392.6499999999999"", ""333.2""]"
area_features,Kaikki yhdistetyt aluekohtaiset muuttujat.,estimated_car_commute_share,float64,3018,"[""0.7179196099959027"", ""0.7198633340806151"", ""0.721053083658241""]"
area_features,Kaikki yhdistetyt aluekohtaiset muuttujat.,public_transport_service_score,Float64,3018,"[""0.9977494446342963"", ""0.9985437258219703"", ""0.9975135311672196""]"
area_features,Kaikki yhdistetyt aluekohtaiset muuttujat.,accessibility_score,Float64,3018,"[""0.9958496135153204"", ""0.9952900409946813"", ""0.993045260229517""]"
area_features,Kaikki yhdistetyt aluekohtaiset muuttujat.,travel_time_competitiveness_score_final,Float64,3018,"[""0.996989512186706"", ""0.9972422518910546"", ""0.9957262227921385""]"
area_features,Kaikki yhdistetyt aluekohtaiset muuttujat.,travel_time_competitiveness_source,string,3018,"[""service_access_proxy"", ""service_access_proxy"", ""service_access_proxy""]"
area_features,Kaikki yhdistetyt aluekohtaiset muuttujat.,behaviour_potential_score,Float64,3018,"[""0.8995571469128566"", ""0.8985105240605589"", ""0.8977584309987564""]"
area_features,Kaikki yhdistetyt aluekohtaiset muuttujat.,estimated_switchers,Float64,3018,"[""2268.1889669642082"", ""894.0576725201715"", ""213.2753734197274""]"
area_features,Kaikki yhdistetyt aluekohtaiset muuttujat.,potential_persons_score,float64,3018,"[""1.0"", ""0.9901839438856708"", ""0.781913209943896""]"
area_features,Kaikki yhdistetyt aluekohtaiset muuttujat.,underuse_score,Float64,3018,"[""0.6987909376232668"", ""0.7073828577653369"", ""0.7119618354807368""]"
area_features,Kaikki yhdistetyt aluekohtaiset muuttujat.,emission_congestion_score,float64,3018,"[""0.9328867221994596"", ""0.8937275556866697"", ""0.6810060586463542""]"
area_features,Kaikki yhdistetyt aluekohtaiset muuttujat.,population_density_km2_final,Float64,3018,"[""7857.975130860017"", ""17625.178135793823"", ""4035.341290563223""]"
area_features,Kaikki yhdistetyt aluekohtaiset muuttujat.,ad_feasibility_score,Float64,3018,"[""0.9976440960896041"", ""0.9945573039979618"", ""0.9919502235291882""]"
area_features,Kaikki yhdistetyt aluekohtaiset muuttujat.,jspi_score,Float64,3018,"[""92.7"", ""92.2"", ""82.3""]"
area_features,Kaikki yhdistetyt aluekohtaiset muuttujat.,data_confidence_score,float64,3018,"[""0.73"", ""0.73"", ""0.73""]"
area_features,Kaikki yhdistetyt aluekohtaiset muuttujat.,data_confidence_level,string,3018,"[""keskitaso"", ""keskitaso"", ""keskitaso""]"
area_features,Kaikki yhdistetyt aluekohtaiset muuttujat.,recommended_campaign_type,object,3018,"[""asema- ja junakampanja"", ""asema- ja junakampanja"", ""asema- ja junakampanja""]"
area_features,Kaikki yhdistetyt aluekohtaiset muuttujat.,recommendation_reason,object,3018,"[""suuri henkilömääräinen potentiaali; joukkoliikenteen alikäyttöpotentiaali on korkea; korkea autoilupaine; hyvä joukkolii"", ""suuri henkilömääräinen potentiaali; joukkoliikenteen alikäyttöpotentiaali on korkea; korkea autoilupaine; hyvä joukkolii"", ""suuri henkilömääräinen potentiaali; joukkoliikenteen alikäyttöpotentiaali on korkea; korkea autoilupaine; hyvä joukkolii""]"
area_features,Kaikki yhdistetyt aluekohtaiset muuttujat.,message_angle,object,3018,"[""Junalla työmatka ilman ruuhkaa ja keskustapysäköinnin vaivaa."", ""Junalla työmatka ilman ruuhkaa ja keskustapysäköinnin vaivaa."", ""Junalla työmatka ilman ruuhkaa ja keskustapysäköinnin vaivaa.""]"
area_features,Kaikki yhdistetyt aluekohtaiset muuttujat.,confidence_paavo_ok,bool,3018,"[""True"", ""True"", ""True""]"
area_features,Kaikki yhdistetyt aluekohtaiset muuttujat.,confidence_statfin_commuting_ok,bool,3018,"[""False"", ""False"", ""False""]"
area_features,Kaikki yhdistetyt aluekohtaiset muuttujat.,confidence_vehicle_ok,bool,3018,"[""True"", ""True"", ""True""]"
area_features,Kaikki yhdistetyt aluekohtaiset muuttujat.,confidence_traffic_ok,bool,3018,"[""True"", ""True"", ""True""]"
area_features,Kaikki yhdistetyt aluekohtaiset muuttujat.,confidence_transit_ok,bool,3018,"[""True"", ""True"", ""True""]"
area_features,Kaikki yhdistetyt aluekohtaiset muuttujat.,confidence_rail_ok,bool,3018,"[""True"", ""True"", ""True""]"
area_features,Kaikki yhdistetyt aluekohtaiset muuttujat.,confidence_liipi_ok,bool,3018,"[""True"", ""True"", ""True""]"
area_features,Kaikki yhdistetyt aluekohtaiset muuttujat.,confidence_od_ok,bool,3018,"[""False"", ""False"", ""False""]"
area_features,Kaikki yhdistetyt aluekohtaiset muuttujat.,data_confidence_score_v2,float64,3018,"[""0.73"", ""0.73"", ""0.73""]"
area_features,Kaikki yhdistetyt aluekohtaiset muuttujat.,data_confidence_level_v2,string,3018,"[""keskitaso"", ""keskitaso"", ""keskitaso""]"
area_features,Kaikki yhdistetyt aluekohtaiset muuttujat.,commuting_data_source,object,3018,"[""fallback_default_share"", ""fallback_default_share"", ""fallback_default_share""]"
area_features,Kaikki yhdistetyt aluekohtaiset muuttujat.,confidence_missing_reasons,object,3018,"[""statfin_commuting_missing; od_sample_missing"", ""statfin_commuting_missing; od_sample_missing"", ""statfin_commuting_missing; od_sample_missing""]"
area_features,Kaikki yhdistetyt aluekohtaiset muuttujat.,national_absolute_potential_score,Float64,3018,"[""100.0"", ""97.6"", ""78.2""]"
area_features,Kaikki yhdistetyt aluekohtaiset muuttujat.,underused_transit_raw,Float64,3018,"[""0.9663887983601499"", ""0.9716794323903083"", ""0.9738395618061896""]"
area_features,Kaikki yhdistetyt aluekohtaiset muuttujat.,underused_transit_potential_score,Float64,3018,"[""97.5"", ""97.8"", ""95.9""]"
area_features,Kaikki yhdistetyt aluekohtaiset muuttujat.,national_absolute_potential_rank,Int64,3018,"[""1"", ""75"", ""368""]"
area_features,Kaikki yhdistetyt aluekohtaiset muuttujat.,underused_transit_potential_rank,Int64,3018,"[""13"", ""7"", ""31""]"
area_features,Kaikki yhdistetyt aluekohtaiset muuttujat.,jspi_score_original,Float64,3018,"[""90.4"", ""90.1"", ""79.9""]"
area_features,Kaikki yhdistetyt aluekohtaiset muuttujat.,jspi_score_v2,Float64,3018,"[""92.7"", ""92.2"", ""82.3""]"
area_features,Kaikki yhdistetyt aluekohtaiset muuttujat.,primary_analysis_view,object,3018,"[""balanced"", ""balanced"", ""underused_transit_potential""]"
area_features,Kaikki yhdistetyt aluekohtaiset muuttujat.,recommended_campaign_type_original,string,3018,"[""liityntäpysäköinti + joukkoliikenne"", ""liityntäpysäköinti + joukkoliikenne"", ""liityntäpysäköinti + joukkoliikenne""]"
jspi_area_scores,Päätiedosto kartalle ja aluevertailulle.,area_id,string,3018,"[""00730"", ""00700"", ""00520""]"
jspi_area_scores,Päätiedosto kartalle ja aluevertailulle.,postal_code,string,3018,"[""00730"", ""00700"", ""00520""]"
jspi_area_scores,Päätiedosto kartalle ja aluevertailulle.,area_name,string,3018,"[""Tapanila"", ""Malmi"", ""Itä- ja Keski-Pasila""]"
jspi_area_scores,Päätiedosto kartalle ja aluevertailulle.,municipality_code,string,3018,"[""091"", ""091"", ""091""]"
jspi_area_scores,Päätiedosto kartalle ja aluevertailulle.,lat,float64,3018,"[""60.26568746852462"", ""60.25529901866859"", ""60.19683598847282""]"
jspi_area_scores,Päätiedosto kartalle ja aluevertailulle.,lon,float64,3018,"[""25.01591389966696"", ""25.011564559977366"", ""24.941082856166066""]"
jspi_area_scores,Päätiedosto kartalle ja aluevertailulle.,population_final,float64,3018,"[""11738.0"", ""14539.0"", ""8732.0""]"
jspi_area_scores,Päätiedosto kartalle ja aluevertailulle.,employed_residents_final,Float64,3018,"[""5456.0"", ""6050.0"", ""4865.0""]"
jspi_area_scores,Päätiedosto kartalle ja aluevertailulle.,estimated_commuters_base,Float64,3018,"[""1909.6"", ""2117.5"", ""1702.75""]"
jspi_area_scores,Päätiedosto kartalle ja aluevertailulle.,estimated_car_commute_share,float64,3018,"[""0.7241428934984777"", ""0.722552872785795"", ""0.7224536203048753""]"
jspi_area_scores,Päätiedosto kartalle ja aluevertailulle.,estimated_switchers,Float64,3018,"[""1229.7006819080418"", ""1373.7338467229151"", ""1107.1421117767138""]"
jspi_area_scores,Päätiedosto kartalle ja aluevertailulle.,jspi_score,Float64,3018,"[""93.9"", ""93.6"", ""93.5""]"
jspi_area_scores,Päätiedosto kartalle ja aluevertailulle.,jspi_score_original,Float64,3018,"[""91.9"", ""91.6"", ""91.5""]"
jspi_area_scores,Päätiedosto kartalle ja aluevertailulle.,jspi_score_v2,Float64,3018,"[""93.9"", ""93.6"", ""93.5""]"
jspi_area_scores,Päätiedosto kartalle ja aluevertailulle.,national_absolute_potential_score,Float64,3018,"[""99.9"", ""100.0"", ""99.1""]"
jspi_area_scores,Päätiedosto kartalle ja aluevertailulle.,national_absolute_potential_rank,Int64,3018,"[""12"", ""2"", ""40""]"
jspi_area_scores,Päätiedosto kartalle ja aluevertailulle.,underused_transit_potential_score,Float64,3018,"[""98.5"", ""98.1"", ""98.5""]"
jspi_area_scores,Päätiedosto kartalle ja aluevertailulle.,underused_transit_potential_rank,Int64,3018,"[""2"", ""5"", ""1""]"
jspi_area_scores,Päätiedosto kartalle ja aluevertailulle.,primary_analysis_view,object,3018,"[""balanced"", ""balanced"", ""balanced""]"
jspi_area_scores,Päätiedosto kartalle ja aluevertailulle.,potential_persons_score,float64,3018,"[""1.0"", ""1.0"", ""1.0""]"
jspi_area_scores,Päätiedosto kartalle ja aluevertailulle.,underuse_score,Float64,3018,"[""0.7205848739655812"", ""0.7187170290929787"", ""0.7185567512703137""]"
jspi_area_scores,Päätiedosto kartalle ja aluevertailulle.,car_pressure_score,float64,3018,"[""0.9641046813695016"", ""0.958401781178028"", ""0.9580756683604184""]"
jspi_area_scores,Päätiedosto kartalle ja aluevertailulle.,emission_congestion_score,float64,3018,"[""0.9621511365306593"", ""0.958401781178028"", ""0.9384182425927204""]"
jspi_area_scores,Päätiedosto kartalle ja aluevertailulle.,ad_feasibility_score,Float64,3018,"[""0.9884316636160013"", ""0.9841525879314675"", ""0.9999999999999999""]"
jspi_area_scores,Päätiedosto kartalle ja aluevertailulle.,public_transport_service_score,Float64,3018,"[""0.9949662429002708"", ""0.9996620652187491"", ""1.0""]"
jspi_area_scores,Päätiedosto kartalle ja aluevertailulle.,accessibility_score,Float64,3018,"[""0.9956021071096095"", ""0.9988514920948908"", ""1.0""]"
jspi_area_scores,Päätiedosto kartalle ja aluevertailulle.,travel_time_competitiveness_score_final,Float64,3018,"[""0.9952205885840062"", ""0.9993378359692058"", ""1.0""]"
jspi_area_scores,Päätiedosto kartalle ja aluevertailulle.,nearest_transit_stop_distance_m,float64,3018,"[""10.557901622307215"", ""72.86942216020844"", ""37.43277679555026""]"
jspi_area_scores,Päätiedosto kartalle ja aluevertailulle.,rail_nearest_distance_m,float64,3018,"[""763.882944747583"", ""402.4124916796623"", ""445.1447000338317""]"
jspi_area_scores,Päätiedosto kartalle ja aluevertailulle.,liipi_nearest_distance_m,float64,3018,"[""732.9727479843168"", ""354.3592254621546"", ""390.9842016635767""]"
jspi_area_scores,Päätiedosto kartalle ja aluevertailulle.,recommended_campaign_type,object,3018,"[""asema- ja junakampanja"", ""asema- ja junakampanja"", ""asema- ja junakampanja""]"
jspi_area_scores,Päätiedosto kartalle ja aluevertailulle.,recommendation_reason,object,3018,"[""suuri henkilömääräinen potentiaali; joukkoliikenteen alikäyttöpotentiaali on korkea; korkea autoilupaine; hyvä joukkolii"", ""suuri henkilömääräinen potentiaali; joukkoliikenteen alikäyttöpotentiaali on korkea; korkea autoilupaine; hyvä joukkolii"", ""suuri henkilömääräinen potentiaali; joukkoliikenteen alikäyttöpotentiaali on korkea; korkea autoilupaine; hyvä joukkolii""]"
jspi_area_scores,Päätiedosto kartalle ja aluevertailulle.,message_angle,object,3018,"[""Junalla työmatka ilman ruuhkaa ja keskustapysäköinnin vaivaa."", ""Junalla työmatka ilman ruuhkaa ja keskustapysäköinnin vaivaa."", ""Junalla työmatka ilman ruuhkaa ja keskustapysäköinnin vaivaa.""]"
jspi_area_scores,Päätiedosto kartalle ja aluevertailulle.,data_confidence_score,float64,3018,"[""0.73"", ""0.73"", ""0.73""]"
jspi_area_scores,Päätiedosto kartalle ja aluevertailulle.,data_confidence_level,string,3018,"[""keskitaso"", ""keskitaso"", ""keskitaso""]"
jspi_area_scores,Päätiedosto kartalle ja aluevertailulle.,commuting_data_source,object,3018,"[""fallback_default_share"", ""fallback_default_share"", ""fallback_default_share""]"
jspi_area_scores,Päätiedosto kartalle ja aluevertailulle.,confidence_missing_reasons,object,3018,"[""statfin_commuting_missing; od_sample_missing"", ""statfin_commuting_missing; od_sample_missing"", ""statfin_commuting_missing; od_sample_missing""]"
jspi_area_scores,Päätiedosto kartalle ja aluevertailulle.,rank,int64,3018,"[""1"", ""2"", ""3""]"
campaign_hotspots,Hotspot-lista kampanjasuosituksille.,area_id,string,214,"[""00730"", ""00700"", ""00520""]"
campaign_hotspots,Hotspot-lista kampanjasuosituksille.,postal_code,string,214,"[""00730"", ""00700"", ""00520""]"
campaign_hotspots,Hotspot-lista kampanjasuosituksille.,area_name,string,214,"[""Tapanila"", ""Malmi"", ""Itä- ja Keski-Pasila""]"
campaign_hotspots,Hotspot-lista kampanjasuosituksille.,municipality_code,string,214,"[""091"", ""091"", ""091""]"
campaign_hotspots,Hotspot-lista kampanjasuosituksille.,lat,float64,214,"[""60.26568746852462"", ""60.25529901866859"", ""60.19683598847282""]"
campaign_hotspots,Hotspot-lista kampanjasuosituksille.,lon,float64,214,"[""25.01591389966696"", ""25.011564559977366"", ""24.941082856166066""]"
campaign_hotspots,Hotspot-lista kampanjasuosituksille.,population_final,float64,214,"[""11738.0"", ""14539.0"", ""8732.0""]"
campaign_hotspots,Hotspot-lista kampanjasuosituksille.,employed_residents_final,Float64,214,"[""5456.0"", ""6050.0"", ""4865.0""]"
campaign_hotspots,Hotspot-lista kampanjasuosituksille.,estimated_commuters_base,Float64,214,"[""1909.6"", ""2117.5"", ""1702.75""]"
campaign_hotspots,Hotspot-lista kampanjasuosituksille.,estimated_car_commute_share,float64,214,"[""0.7241428934984777"", ""0.722552872785795"", ""0.7224536203048753""]"
campaign_hotspots,Hotspot-lista kampanjasuosituksille.,estimated_switchers,Float64,214,"[""1229.7006819080418"", ""1373.7338467229151"", ""1107.1421117767138""]"
campaign_hotspots,Hotspot-lista kampanjasuosituksille.,jspi_score,Float64,214,"[""93.9"", ""93.6"", ""93.5""]"
campaign_hotspots,Hotspot-lista kampanjasuosituksille.,jspi_score_original,Float64,214,"[""91.9"", ""91.6"", ""91.5""]"
campaign_hotspots,Hotspot-lista kampanjasuosituksille.,jspi_score_v2,Float64,214,"[""93.9"", ""93.6"", ""93.5""]"
campaign_hotspots,Hotspot-lista kampanjasuosituksille.,national_absolute_potential_score,Float64,214,"[""99.9"", ""100.0"", ""99.1""]"
campaign_hotspots,Hotspot-lista kampanjasuosituksille.,national_absolute_potential_rank,Int64,214,"[""12"", ""2"", ""40""]"
campaign_hotspots,Hotspot-lista kampanjasuosituksille.,underused_transit_potential_score,Float64,214,"[""98.5"", ""98.1"", ""98.5""]"
campaign_hotspots,Hotspot-lista kampanjasuosituksille.,underused_transit_potential_rank,Int64,214,"[""2"", ""5"", ""1""]"
campaign_hotspots,Hotspot-lista kampanjasuosituksille.,primary_analysis_view,object,214,"[""balanced"", ""balanced"", ""balanced""]"
campaign_hotspots,Hotspot-lista kampanjasuosituksille.,potential_persons_score,float64,214,"[""1.0"", ""1.0"", ""1.0""]"
campaign_hotspots,Hotspot-lista kampanjasuosituksille.,underuse_score,Float64,214,"[""0.7205848739655812"", ""0.7187170290929787"", ""0.7185567512703137""]"
campaign_hotspots,Hotspot-lista kampanjasuosituksille.,car_pressure_score,float64,214,"[""0.9641046813695016"", ""0.958401781178028"", ""0.9580756683604184""]"
campaign_hotspots,Hotspot-lista kampanjasuosituksille.,emission_congestion_score,float64,214,"[""0.9621511365306593"", ""0.958401781178028"", ""0.9384182425927204""]"
campaign_hotspots,Hotspot-lista kampanjasuosituksille.,ad_feasibility_score,Float64,214,"[""0.9884316636160013"", ""0.9841525879314675"", ""0.9999999999999999""]"
campaign_hotspots,Hotspot-lista kampanjasuosituksille.,public_transport_service_score,Float64,214,"[""0.9949662429002708"", ""0.9996620652187491"", ""1.0""]"
campaign_hotspots,Hotspot-lista kampanjasuosituksille.,accessibility_score,Float64,214,"[""0.9956021071096095"", ""0.9988514920948908"", ""1.0""]"
campaign_hotspots,Hotspot-lista kampanjasuosituksille.,travel_time_competitiveness_score_final,Float64,214,"[""0.9952205885840062"", ""0.9993378359692058"", ""1.0""]"
campaign_hotspots,Hotspot-lista kampanjasuosituksille.,nearest_transit_stop_distance_m,float64,214,"[""10.557901622307215"", ""72.86942216020844"", ""37.43277679555026""]"
campaign_hotspots,Hotspot-lista kampanjasuosituksille.,rail_nearest_distance_m,float64,214,"[""763.882944747583"", ""402.4124916796623"", ""445.1447000338317""]"
campaign_hotspots,Hotspot-lista kampanjasuosituksille.,liipi_nearest_distance_m,float64,214,"[""732.9727479843168"", ""354.3592254621546"", ""390.9842016635767""]"
campaign_hotspots,Hotspot-lista kampanjasuosituksille.,recommended_campaign_type,object,214,"[""asema- ja junakampanja"", ""asema- ja junakampanja"", ""asema- ja junakampanja""]"
campaign_hotspots,Hotspot-lista kampanjasuosituksille.,recommendation_reason,object,214,"[""suuri henkilömääräinen potentiaali; joukkoliikenteen alikäyttöpotentiaali on korkea; korkea autoilupaine; hyvä joukkolii"", ""suuri henkilömääräinen potentiaali; joukkoliikenteen alikäyttöpotentiaali on korkea; korkea autoilupaine; hyvä joukkolii"", ""suuri henkilömääräinen potentiaali; joukkoliikenteen alikäyttöpotentiaali on korkea; korkea autoilupaine; hyvä joukkolii""]"
campaign_hotspots,Hotspot-lista kampanjasuosituksille.,message_angle,object,214,"[""Junalla työmatka ilman ruuhkaa ja keskustapysäköinnin vaivaa."", ""Junalla työmatka ilman ruuhkaa ja keskustapysäköinnin vaivaa."", ""Junalla työmatka ilman ruuhkaa ja keskustapysäköinnin vaivaa.""]"
campaign_hotspots,Hotspot-lista kampanjasuosituksille.,data_confidence_score,float64,214,"[""0.73"", ""0.73"", ""0.73""]"
campaign_hotspots,Hotspot-lista kampanjasuosituksille.,data_confidence_level,string,214,"[""keskitaso"", ""keskitaso"", ""keskitaso""]"
campaign_hotspots,Hotspot-lista kampanjasuosituksille.,commuting_data_source,object,214,"[""fallback_default_share"", ""fallback_default_share"", ""fallback_default_share""]"
campaign_hotspots,Hotspot-lista kampanjasuosituksille.,confidence_missing_reasons,object,214,"[""statfin_commuting_missing; od_sample_missing"", ""statfin_commuting_missing; od_sample_missing"", ""statfin_commuting_missing; od_sample_missing""]"
campaign_hotspots,Hotspot-lista kampanjasuosituksille.,rank,int64,214,"[""1"", ""2"", ""3""]"
campaign_hotspots,Hotspot-lista kampanjasuosituksille.,hotspot_source_view,object,214,"[""balanced_jspi"", ""balanced_jspi"", ""balanced_jspi""]"
campaign_hotspots,Hotspot-lista kampanjasuosituksille.,hotspot_rank,int64,214,"[""1"", ""2"", ""3""]"
campaign_hotspots,Hotspot-lista kampanjasuosituksille.,priority,string,214,"[""erittäin korkea"", ""erittäin korkea"", ""erittäin korkea""]"
campaign_hotspots,Hotspot-lista kampanjasuosituksille.,campaign_lat,float64,214,"[""60.26568746852462"", ""60.25529901866859"", ""60.19683598847282""]"
campaign_hotspots,Hotspot-lista kampanjasuosituksille.,campaign_lon,float64,214,"[""25.01591389966696"", ""25.011564559977366"", ""24.941082856166066""]"
campaign_hotspots,Hotspot-lista kampanjasuosituksille.,campaign_point_type,object,214,"[""nearby_rail_station_or_station_area"", ""nearby_rail_station_or_station_area"", ""nearby_rail_station_or_station_area""]"
national_absolute_potential,Henkilömääräisen potentiaalin erillisnäkymä.,national_absolute_potential_rank,int64,3018,"[""1"", ""2"", ""3""]"
national_absolute_potential,Henkilömääräisen potentiaalin erillisnäkymä.,area_id,string,3018,"[""00100"", ""01600"", ""01620""]"
national_absolute_potential,Henkilömääräisen potentiaalin erillisnäkymä.,postal_code,string,3018,"[""00100"", ""01600"", ""01620""]"
national_absolute_potential,Henkilömääräisen potentiaalin erillisnäkymä.,area_name,string,3018,"[""Helsinki keskusta - Etu-Töölö"", ""Myyrmäki"", ""Martinlaakso""]"
national_absolute_potential,Henkilömääräisen potentiaalin erillisnäkymä.,municipality_code,string,3018,"[""091"", ""092"", ""092""]"
national_absolute_potential,Henkilömääräisen potentiaalin erillisnäkymä.,lat,float64,3018,"[""60.1704070554749"", ""60.26653936057732"", ""60.27949860165246""]"
national_absolute_potential,Henkilömääräisen potentiaalin erillisnäkymä.,lon,float64,3018,"[""24.923510858314422"", ""24.845181975275413"", ""24.84786683203153""]"
national_absolute_potential,Henkilömääräisen potentiaalin erillisnäkymä.,national_absolute_potential_score,Float64,3018,"[""100.0"", ""100.0"", ""100.0""]"
national_absolute_potential,Henkilömääräisen potentiaalin erillisnäkymä.,estimated_switchers,Float64,3018,"[""2268.1889669642082"", ""1687.5459830537357"", ""1382.394669506637""]"
national_absolute_potential,Henkilömääräisen potentiaalin erillisnäkymä.,population_final,float64,3018,"[""18492.0"", ""19159.0"", ""14204.0""]"
national_absolute_potential,Henkilömääräisen potentiaalin erillisnäkymä.,estimated_commuters_base,Float64,3018,"[""3537.45"", ""2693.6"", ""2195.2""]"
national_absolute_potential,Henkilömääräisen potentiaalin erillisnäkymä.,jspi_score,Float64,3018,"[""92.7"", ""90.6"", ""90.5""]"
national_absolute_potential,Henkilömääräisen potentiaalin erillisnäkymä.,recommended_campaign_type,object,3018,"[""asema- ja junakampanja"", ""asema- ja junakampanja"", ""asema- ja junakampanja""]"
national_absolute_potential,Henkilömääräisen potentiaalin erillisnäkymä.,recommendation_reason,object,3018,"[""suuri henkilömääräinen potentiaali; joukkoliikenteen alikäyttöpotentiaali on korkea; korkea autoilupaine; hyvä joukkolii"", ""suuri henkilömääräinen potentiaali; joukkoliikenteen alikäyttöpotentiaali on korkea; korkea autoilupaine; hyvä joukkolii"", ""suuri henkilömääräinen potentiaali; joukkoliikenteen alikäyttöpotentiaali on korkea; korkea autoilupaine; hyvä joukkolii""]"
national_absolute_potential,Henkilömääräisen potentiaalin erillisnäkymä.,data_confidence_level,string,3018,"[""keskitaso"", ""keskitaso"", ""keskitaso""]"
national_absolute_potential,Henkilömääräisen potentiaalin erillisnäkymä.,commuting_data_source,object,3018,"[""fallback_default_share"", ""fallback_default_share"", ""fallback_default_share""]"
underused_transit_potential,Alikäytetyn joukkoliikennepotentiaalin erillisnäkymä.,underused_transit_potential_rank,int64,3018,"[""1"", ""2"", ""3""]"
underused_transit_potential,Alikäytetyn joukkoliikennepotentiaalin erillisnäkymä.,area_id,string,3018,"[""00730"", ""00520"", ""00410""]"
underused_transit_potential,Alikäytetyn joukkoliikennepotentiaalin erillisnäkymä.,postal_code,string,3018,"[""00730"", ""00520"", ""00410""]"
underused_transit_potential,Alikäytetyn joukkoliikennepotentiaalin erillisnäkymä.,area_name,string,3018,"[""Tapanila"", ""Itä- ja Keski-Pasila"", ""Malminkartano""]"
underused_transit_potential,Alikäytetyn joukkoliikennepotentiaalin erillisnäkymä.,municipality_code,string,3018,"[""091"", ""091"", ""091""]"
underused_transit_potential,Alikäytetyn joukkoliikennepotentiaalin erillisnäkymä.,lat,float64,3018,"[""60.26568746852462"", ""60.19683598847282"", ""60.25102989012809""]"
underused_transit_potential,Alikäytetyn joukkoliikennepotentiaalin erillisnäkymä.,lon,float64,3018,"[""25.01591389966696"", ""24.941082856166066"", ""24.85574128170586""]"
underused_transit_potential,Alikäytetyn joukkoliikennepotentiaalin erillisnäkymä.,underused_transit_potential_score,Float64,3018,"[""98.5"", ""98.5"", ""98.3""]"
underused_transit_potential,Alikäytetyn joukkoliikennepotentiaalin erillisnäkymä.,car_pressure_score,float64,3018,"[""0.9641046813695016"", ""0.9580756683604184"", ""0.9591879455854816""]"
underused_transit_potential,Alikäytetyn joukkoliikennepotentiaalin erillisnäkymä.,public_transport_service_score,Float64,3018,"[""0.9949662429002708"", ""1.0"", ""0.994025625210005""]"
underused_transit_potential,Alikäytetyn joukkoliikennepotentiaalin erillisnäkymä.,accessibility_score,Float64,3018,"[""0.9956021071096095"", ""1.0"", ""0.9961144101918364""]"
underused_transit_potential,Alikäytetyn joukkoliikennepotentiaalin erillisnäkymä.,travel_time_competitiveness_score_final,Float64,3018,"[""0.9952205885840062"", ""1.0"", ""0.9948611392027376""]"
underused_transit_potential,Alikäytetyn joukkoliikennepotentiaalin erillisnäkymä.,estimated_switchers,Float64,3018,"[""1229.7006819080418"", ""1107.1421117767138"", ""973.293683993872""]"
underused_transit_potential,Alikäytetyn joukkoliikennepotentiaalin erillisnäkymä.,jspi_score,Float64,3018,"[""93.9"", ""93.5"", ""93.3""]"
underused_transit_potential,Alikäytetyn joukkoliikennepotentiaalin erillisnäkymä.,recommended_campaign_type,object,3018,"[""asema- ja junakampanja"", ""asema- ja junakampanja"", ""asema- ja junakampanja""]"
underused_transit_potential,Alikäytetyn joukkoliikennepotentiaalin erillisnäkymä.,recommendation_reason,object,3018,"[""suuri henkilömääräinen potentiaali; joukkoliikenteen alikäyttöpotentiaali on korkea; korkea autoilupaine; hyvä joukkolii"", ""suuri henkilömääräinen potentiaali; joukkoliikenteen alikäyttöpotentiaali on korkea; korkea autoilupaine; hyvä joukkolii"", ""suuri henkilömääräinen potentiaali; joukkoliikenteen alikäyttöpotentiaali on korkea; korkea autoilupaine; hyvä joukkolii""]"
underused_transit_potential,Alikäytetyn joukkoliikennepotentiaalin erillisnäkymä.,data_confidence_level,string,3018,"[""keskitaso"", ""keskitaso"", ""keskitaso""]"
underused_transit_potential,Alikäytetyn joukkoliikennepotentiaalin erillisnäkymä.,commuting_data_source,object,3018,"[""fallback_default_share"", ""fallback_default_share"", ""fallback_default_share""]"
